{
  "timestamp": "20251108_140220",
  "metrics": {
    "accuracy": 0.9466666666666667,
    "precision": 0.7205882352941176,
    "recall": 0.8812949640287769,
    "f1": 0.7928802588996764,
    "roc_auc": 0.9655374663511415
  }
}